Aaron;Bella
Aaron;Charlie
Aaron;Zach
Adam;Bianca
Adam;Zoe
Aiden;Brandon
Aiden;Charlie
Aiden;Ethan
Aiden;Zane
Alex;Brooke
Alex;Emma
Alex;Zara
Alice;Ariana
Alice;Bella
Alice;Bob
Alice;Brooke
Alice;Caleb
Alice;Carter
Alice;Connor
Alice;Delilah
Alice;Diana
Alice;Diego
Alice;Elijah
Alice;Fatima
Alice;Fiona
Alice;Florence
Alice;Gianna
Alice;Grace
Alice;Grant
Alice;Hannah
Alice;Imran
Alice;Isaac
Alice;Jacob
Alice;Jasmine
Alice;Jonah
Alice;Kayla
Alice;Kevin
Alice;Kyle
Alice;Leah
Alice;Liam
Alice;Maria
Alice;Martin
Alice;Mia
Alice;Naomi
Alice;Noah
Alice;Orlando
Alice;Owen
Alice;Paige
Alice;Penelope
Alice;Phoebe
Alice;Queen
Alice;Rebecca
Alice;Reed
Alice;Riley
Alice;Sabrina
Alice;Samuel
Alice;Tina
Alice;Trevor
Alice;Tyler
Alice;Ulrich
Alice;Ulysses
Alice;Unity
Alice;Vera
Alice;Warren
Alice;Whitney
Alice;William
Alice;Xaviera
Alice;Xim
Alice;Ximena
Alice;Yosef
Alice;Yvonne
Alice;Zach
Alice;Zane
Amelia;Blake
Amelia;Emma
Amelia;Zion
Ariana;Bob
Ariana;Bryan
Ariana;David
Ariana;Zeke
Ava;Benjamin
Ava;Emma
Ava;Zoey
Bella;Caleb
Benjamin;Bob
Benjamin;Charlie
Benjamin;Chloe
Benjamin;David
Benjamin;Emma
Bianca;Connor
Bianca;David
Bianca;Emma
Blake;Charlie
Blake;Cole
Blake;David
Blake;Emma
Bob;Bryan
Bob;Caleb
Bob;Charlie
Bob;Daniel
Bob;Dominic
Bob;Ella
Bob;Eric
Bob;Ethan
Bob;Eva
Bob;Fatima
Bob;Gavin
Bob;Hailey
Bob;Hazel
Bob;Hope
Bob;Jacob
Bob;Jasmine
Bob;Joanna
Bob;Kingston
Bob;Kylie
Bob;Leah
Bob;Logan
Bob;Martin
Bob;Megan
Bob;Noah
Bob;Nolan
Bob;Owen
Bob;Paisley
Bob;Paula
Bob;Penelope
Bob;Quinn
Bob;Reed
Bob;Riley
Bob;Ronan
Bob;Ryan
Bob;Sabrina
Bob;Stella
Bob;Taylor
Bob;Theo
Bob;Thomas
Bob;Timothy
Bob;Ulrich
Bob;Ulysses
Bob;Unity
Bob;Uri
Bob;Valentino
Bob;Valerie
Bob;Victor
Bob;Vincent
Bob;Violet
Bob;Walter
Bob;Wayne
Bob;Willow
Bob;Wyatt
Bob;Xavier
Bob;Xaviera
Bob;Xim
Bob;Yosef
Bob;Zane
Bob;Zeke
Brandon;Clara
Brandon;Emma
Brooke;Carter
Bryan;Cynthia
Bryan;David
Bryan;Ryan
Caleb;Diana
Caleb;Emma
Carter;Charlie
Carter;Derek
Carter;Emma
Charlie;Cole
Charlie;David
Charlie;Delilah
Charlie;Derek
Charlie;Elijah
Charlie;Eric
Charlie;Felix
Charlie;Frank
Charlie;Freya
Charlie;Garrett
Charlie;George
Charlie;Gianna
Charlie;Grant
Charlie;Hannah
Charlie;Henry
Charlie;Ian
Charlie;Jack
Charlie;Jessica
Charlie;Joanna
Charlie;Kayla
Charlie;Kylie
Charlie;Laura
Charlie;Nathan
Charlie;Nicholas
Charlie;Olive
Charlie;Orlando
Charlie;Oscar
Charlie;Reed
Charlie;Rose
Charlie;Samuel
Charlie;Sarah
Charlie;Sofia
Charlie;Taylor
Charlie;Theo
Charlie;Thomas
Charlie;Tina
Charlie;Ulysses
Charlie;Unity
Charlie;Uri
Charlie;Valentina
Charlie;Vera
Charlie;Victor
Charlie;Violet
Charlie;Warren
Charlie;Wesley
Charlie;William
Charlie;Wyatt
Charlie;Xander
Charlie;Xim
Charlie;Yuna
Charlie;Yusuf
Charlie;Yvette
Charlie;Zach
Charlie;Zane
Charlie;Zelda
Charlie;Zoey
Chloe;Diego
Chloe;Emma
Clara;Dominic
Cole;Daniel
Connor;Delilah
Connor;Emma
Cynthia;Damian
Damian;Elijah
Daniel;Ella
David;Diana
David;Edward
David;Elijah
David;Emma
David;Ethan
David;Eva
David;Gabriel
David;Georgia
David;Gianna
David;Grace
David;Hailey
David;Harper
David;Ivy
David;Jasmine
David;Joanna
David;Jude
David;Julia
David;Karen
David;Kayla
David;Kiara
David;Kyle
David;Leah
David;Lily
David;Madison
David;Maria
David;Mason
David;Naomi
David;Nicholas
David;Noah
David;Nora
David;Ophelia
David;Penelope
David;Preston
David;Quinn
David;Ronan
David;Sarah
David;Scott
David;Sofia
David;Sophia
David;Stella
David;Timothy
David;Ulysses
David;Uma
David;Uriel
David;Valentino
David;Vanessa
David;Vera
David;Victor
David;Wesley
David;Whitney
David;William
David;Xander
David;Xavier
David;Xenia
David;Yosef
David;Yvette
Delilah;Edward
Derek;Elena
Diana;Ethan
Diego;Eric
Dominic;Eva
Edward;Faith
Elena;Felix
Elijah;Florence
Ella;Freya
Emma;Ethan
Emma;Eva
Emma;Finn
Emma;Frank
Emma;Freya
Emma;George
Emma;Georgia
Emma;Hailey
Emma;Hazel
Emma;Hope
Emma;Isaac
Emma;Isabella
Emma;Kayla
Emma;Louis
Emma;Naomi
Emma;Nicholas
Emma;Nora
Emma;Olive
Emma;Owen
Emma;Parker
Emma;Quinn
Emma;Rebecca
Emma;Reed
Emma;Ronan
Emma;Ryan
Emma;Samuel
Emma;Sarah
Emma;Sofia
Emma;Taylor
Emma;Theo
Emma;Thomas
Emma;Timothy
Emma;Tina
Emma;Ulysses
Emma;Uma
Emma;Uriel
Emma;Valerie
Emma;Vanessa
Emma;Vera
Emma;Whitney
Emma;Wyatt
Emma;Yara
Emma;Yosef
Emma;Zach
Emma;Zane
Emma;Zeke
Emma;Zelda
Emma;Zion
Emma;Zoe
Eric;Fatima
Ethan;Fiona
Eva;Finn
Faith;Gavin
Fatima;Gianna
Felix;Gabriel
Finn;Georgia
Fiona;George
Florence;Garrett
Frank;Grace
Freya;Grant
Gabriel;Hazel
Garrett;Helena
Gavin;Hailey
George;Hannah
Georgia;Harper
Gianna;Hudson
Grace;Henry
Grant;Hope
Hailey;Isaac
Hannah;Ian
Harper;Iris
Hazel;Ivan
Helena;Imran
Henry;Isabella
Hope;Jude
Hudson;Ivy
Ian;Julia
Imran;Joanna
Iris;Jonah
Isaac;Jasmine
Isaac;Xenia
Isabella;Jack
Ivan;Jessica
Ivy;Jacob
Jack;Karen
Jacob;Kylie
Jasmine;Kyle
Jessica;Kingston
Joanna;Katherine
Jonah;Kayla
Jude;Kiara
Julia;Kevin
Karen;Liam
Katherine;Lucas
Kayla;Logan
Kevin;Laura
Kiara;Leo
Kingston;Lily
Kyle;Leah
Kylie;Louis
Laura;Mason
Leah;Martin
Leo;Melanie
Liam;Mia
Lily;Miles
Logan;Madison
Louis;Maria
Lucas;Megan
Madison;Nathan
Maria;Neil
Martin;Nora
Mason;Natalie
Megan;Nolan
Melanie;Nicholas
Mia;Noah
Miles;Naomi
Naomi;Orlando
Natalie;Owen
Nathan;Ophelia
Neil;Paige
Nicholas;Paisley
Noah;Olivia
Nolan;Olive
Nora;Oscar
Olive;Preston
Olivia;Peter
Ophelia;Parker
Orlando;Phoebe
Oscar;Penelope
Owen;Paula
Paige;Ronan
Paisley;Reed
Parker;Rebecca
Paula;Quincy
Penelope;Quinn
Peter;Queen
Phoebe;River
Preston;Riley
Queen;Ryan
Quincy;Rachel
Quinn;Rose
Rachel;Samuel
Rebecca;Scott
Reed;Sarah
Riley;Sabrina
River;Stella
Ronan;Sofia
Rose;Steven
Ryan;Sophia
Ryan;Vanessa
Sabrina;Theo
Samuel;Tina
Sarah;Tyler
Scott;Taylor
Sofia;Timothy
Sophia;Thomas
Stella;Trevor
Steven;Tracy
Taylor;Ulrich
Theo;Valentino
Thomas;Uma
Timothy;Valentina
Tina;Uri
Tracy;Ulysses
Trevor;Unity
Tyler;Uriel
Ulrich;Valerie
Ulysses;Violet
Uma;Victor
Unity;Vincent
Uri;Vanessa
Uriel;Vera
Valentina;Warren
Valentino;Whitney
Valerie;Wesley
Vanessa;Walter
Vera;Wyatt
Victor;William
Vincent;Willow
Violet;Wayne
Walter;Xena
Warren;Xim
Wayne;Ximena
Wesley;Xia
Whitney;Xenia
William;Xavier
Willow;Xander
Wyatt;Xaviera
Xander;Yvonne
Xavier;Yara
Xaviera;Yasmine
Xena;Yusuf
Xenia;Yahir
Xia;Yvette
Xim;Yuna
Ximena;Yosef
Yahir;Zoey
Yara;Zach
Yasmine;Zeke
Yosef;Zara
Yuna;Zelda
Yusuf;Zoe
Yvette;Zion
Yvonne;Zane
